{
  "inputNodes": 4,
  "hiddenLayers": 2,
  "hiddenNodes": 4,
  "outputNodes": 2,
  "weights": [
    {
      "mat": {
        "type": "org.ejml.data.DMatrixRMaj",
        "data": {
          "data": [
            0.6403506737245086,
            -2.1299839005373236,
            -0.3412336986203552,
            0.38535284200610587,
            -2.1483777488350655,
            -0.8600760315501574,
            1.4994090684083266,
            -1.8509790435739644,
            -2.0345718719758543,
            1.1599196167255008,
            -0.9347761735200888,
            -2.6461880945493004,
            0.059857873614491575,
            -1.407494494449852,
            -0.7347950159081559,
            0.4543278567823277
          ],
          "numRows": 4,
          "numCols": 4
        }
      },
      "ops": {
        "type": "org.ejml.simple.ops.SimpleOperations_DDRM",
        "data": {}
      }
    },
    {
      "mat": {
        "type": "org.ejml.data.DMatrixRMaj",
        "data": {
          "data": [
            -1.6239634687876263,
            -0.8486615584981099,
            2.6430919639252726,
            -2.65096481133833,
            0.4674609107110358,
            2.217276593082073,
            -1.952306670347006,
            -1.2939941629907041,
            -1.672023860907856,
            -1.7760425934859874,
            0.13157524100566276,
            1.4183765995656312,
            2.264283731458481,
            -1.4543294960608943,
            -1.5777074794817523,
            0.05934879628843187
          ],
          "numRows": 4,
          "numCols": 4
        }
      },
      "ops": {
        "type": "org.ejml.simple.ops.SimpleOperations_DDRM",
        "data": {}
      }
    },
    {
      "mat": {
        "type": "org.ejml.data.DMatrixRMaj",
        "data": {
          "data": [
            -1.9529219043817303,
            0.3411362115614246,
            1.7058093677410924,
            -0.2700365626041813,
            2.075623297517502,
            -0.6237842065751141,
            -1.7715765730459176,
            0.6217029069441029
          ],
          "numRows": 2,
          "numCols": 4
        }
      },
      "ops": {
        "type": "org.ejml.simple.ops.SimpleOperations_DDRM",
        "data": {}
      }
    }
  ],
  "biases": [
    {
      "mat": {
        "type": "org.ejml.data.DMatrixRMaj",
        "data": {
          "data": [
            -0.027385382243602208,
            6.115263027660554,
            0.3005289281087513,
            0.3798405254113452
          ],
          "numRows": 4,
          "numCols": 1
        }
      },
      "ops": {
        "type": "org.ejml.simple.ops.SimpleOperations_DDRM",
        "data": {}
      }
    },
    {
      "mat": {
        "type": "org.ejml.data.DMatrixRMaj",
        "data": {
          "data": [
            -0.3341593479812785,
            0.36649156094820745,
            0.5266459024553887,
            -1.7844662161120488
          ],
          "numRows": 4,
          "numCols": 1
        }
      },
      "ops": {
        "type": "org.ejml.simple.ops.SimpleOperations_DDRM",
        "data": {}
      }
    },
    {
      "mat": {
        "type": "org.ejml.data.DMatrixRMaj",
        "data": {
          "data": [
            1.2624321935455698,
            2.2520680275218226
          ],
          "numRows": 2,
          "numCols": 1
        }
      },
      "ops": {
        "type": "org.ejml.simple.ops.SimpleOperations_DDRM",
        "data": {}
      }
    }
  ],
  "learningRate": 0.1,
  "activationFunctionKey": "SIGMOID"
}