{
  "inputNodes": 4,
  "hiddenLayers": 2,
  "hiddenNodes": 4,
  "outputNodes": 2,
  "weights": [
    {
      "mat": {
        "type": "org.ejml.data.DMatrixRMaj",
        "data": {
          "data": [
            -1.603635550324813,
            0.8200875827654259,
            1.507730632296606,
            2.252571933903152,
            -0.0467673379250923,
            2.574335699561018,
            0.23415023630849835,
            -0.07568596103279562,
            -2.14834539895043,
            0.5478308238193643,
            0.8825117515471137,
            1.1503310112634573,
            2.76937066235712,
            -1.3290264890652232,
            -0.5546762954815347,
            6.309652303162294
          ],
          "numRows": 4,
          "numCols": 4
        }
      },
      "ops": {
        "type": "org.ejml.simple.ops.SimpleOperations_DDRM",
        "data": {}
      }
    },
    {
      "mat": {
        "type": "org.ejml.data.DMatrixRMaj",
        "data": {
          "data": [
            0.9493622372806132,
            -1.7134825978804475,
            -1.1249143488900688,
            1.5562732744794072,
            0.21433005599239136,
            -1.2818102945838108,
            0.355888012268917,
            1.9557896165218214,
            -3.625472400290114,
            -2.2916150535917423,
            -2.436610858663924,
            0.3365663532288484,
            1.1630533328682593,
            -0.4069038110643647,
            0.3079915855103702,
            -0.6880515865679081
          ],
          "numRows": 4,
          "numCols": 4
        }
      },
      "ops": {
        "type": "org.ejml.simple.ops.SimpleOperations_DDRM",
        "data": {}
      }
    },
    {
      "mat": {
        "type": "org.ejml.data.DMatrixRMaj",
        "data": {
          "data": [
            -2.6624322909761027,
            0.5635517511820859,
            2.604320065197525,
            2.6695392673613014,
            -2.4577097192636757,
            -0.5324223864676024,
            0.4211669153003935,
            1.271544208984663
          ],
          "numRows": 2,
          "numCols": 4
        }
      },
      "ops": {
        "type": "org.ejml.simple.ops.SimpleOperations_DDRM",
        "data": {}
      }
    }
  ],
  "biases": [
    {
      "mat": {
        "type": "org.ejml.data.DMatrixRMaj",
        "data": {
          "data": [
            3.7359609610340234,
            3.2129603596990997,
            1.8671914155560225,
            -2.494811088495685
          ],
          "numRows": 4,
          "numCols": 1
        }
      },
      "ops": {
        "type": "org.ejml.simple.ops.SimpleOperations_DDRM",
        "data": {}
      }
    },
    {
      "mat": {
        "type": "org.ejml.data.DMatrixRMaj",
        "data": {
          "data": [
            -3.772728132090497,
            -1.314546295383466,
            -0.6067488576344038,
            -1.3007594832617355
          ],
          "numRows": 4,
          "numCols": 1
        }
      },
      "ops": {
        "type": "org.ejml.simple.ops.SimpleOperations_DDRM",
        "data": {}
      }
    },
    {
      "mat": {
        "type": "org.ejml.data.DMatrixRMaj",
        "data": {
          "data": [
            -0.18459633345692883,
            0.5081326354969644
          ],
          "numRows": 2,
          "numCols": 1
        }
      },
      "ops": {
        "type": "org.ejml.simple.ops.SimpleOperations_DDRM",
        "data": {}
      }
    }
  ],
  "learningRate": 0.1,
  "activationFunctionKey": "SIGMOID"
}