{
  "inputNodes": 4,
  "hiddenLayers": 2,
  "hiddenNodes": 4,
  "outputNodes": 2,
  "weights": [
    {
      "mat": {
        "type": "org.ejml.data.DMatrixRMaj",
        "data": {
          "data": [
            -0.5230381332619337,
            0.42285396958046306,
            -0.2426584848487209,
            -5.1561328425926005,
            -0.3191793002429811,
            -1.0303794366039571,
            0.1438603037305185,
            2.3222649910529194,
            -2.928030734217889,
            0.9592312599786277,
            -0.5800340384078774,
            2.577684959205833,
            1.6361201196358797,
            1.9189405032406264,
            0.08589988409780691,
            2.323154478684763
          ],
          "numRows": 4,
          "numCols": 4
        }
      },
      "ops": {
        "type": "org.ejml.simple.ops.SimpleOperations_DDRM",
        "data": {}
      }
    },
    {
      "mat": {
        "type": "org.ejml.data.DMatrixRMaj",
        "data": {
          "data": [
            -1.0307461341170618,
            -1.741723990616738,
            2.035157153359564,
            1.1452071123968524,
            -2.0179959520678086,
            0.6225849132963359,
            -0.5822999020684703,
            -0.3469057463119869,
            1.248762802129599,
            3.0771018411891102,
            0.7749637274320904,
            3.1014787589540527,
            2.4676283395205028,
            -0.14248310920031715,
            -1.68446254027925,
            0.12643817730143592
          ],
          "numRows": 4,
          "numCols": 4
        }
      },
      "ops": {
        "type": "org.ejml.simple.ops.SimpleOperations_DDRM",
        "data": {}
      }
    },
    {
      "mat": {
        "type": "org.ejml.data.DMatrixRMaj",
        "data": {
          "data": [
            -0.3640873409321766,
            -2.2972729085236585,
            -0.7513460751811633,
            2.8907908349266025,
            0.562446257361715,
            -0.5500757773261356,
            0.40175851029185644,
            1.8181702920384335
          ],
          "numRows": 2,
          "numCols": 4
        }
      },
      "ops": {
        "type": "org.ejml.simple.ops.SimpleOperations_DDRM",
        "data": {}
      }
    }
  ],
  "biases": [
    {
      "mat": {
        "type": "org.ejml.data.DMatrixRMaj",
        "data": {
          "data": [
            -1.9461492618738276,
            -0.25138363002290565,
            1.9333577698679534,
            2.271011682043213
          ],
          "numRows": 4,
          "numCols": 1
        }
      },
      "ops": {
        "type": "org.ejml.simple.ops.SimpleOperations_DDRM",
        "data": {}
      }
    },
    {
      "mat": {
        "type": "org.ejml.data.DMatrixRMaj",
        "data": {
          "data": [
            0.22864190042457389,
            -0.34179544322193656,
            0.07187705571059204,
            1.4813076150046744
          ],
          "numRows": 4,
          "numCols": 1
        }
      },
      "ops": {
        "type": "org.ejml.simple.ops.SimpleOperations_DDRM",
        "data": {}
      }
    },
    {
      "mat": {
        "type": "org.ejml.data.DMatrixRMaj",
        "data": {
          "data": [
            3.0335775719960236,
            1.5860550405228242
          ],
          "numRows": 2,
          "numCols": 1
        }
      },
      "ops": {
        "type": "org.ejml.simple.ops.SimpleOperations_DDRM",
        "data": {}
      }
    }
  ],
  "learningRate": 0.1,
  "activationFunctionKey": "SIGMOID"
}