{
  "inputNodes": 4,
  "hiddenLayers": 2,
  "hiddenNodes": 4,
  "outputNodes": 2,
  "weights": [
    {
      "mat": {
        "type": "org.ejml.data.DMatrixRMaj",
        "data": {
          "data": [
            -2.3862471671988725,
            -1.303042417029336,
            -3.2340952392537807,
            0.4125234970186501,
            -0.5891602502082307,
            -0.2673590828728507,
            -1.3326047054859815,
            -0.823410471121527,
            0.9956318705963648,
            3.282742565797751,
            -0.48329037983159173,
            -1.7299576445225884,
            1.3061072477444688,
            -2.314974163196434,
            -0.9076957581732892,
            3.243009311284394
          ],
          "numRows": 4,
          "numCols": 4
        }
      },
      "ops": {
        "type": "org.ejml.simple.ops.SimpleOperations_DDRM",
        "data": {}
      }
    },
    {
      "mat": {
        "type": "org.ejml.data.DMatrixRMaj",
        "data": {
          "data": [
            0.537575358291405,
            1.3704806911184875,
            -2.030350635539909,
            -1.362177256821917,
            1.28481757231526,
            -0.9665024593260021,
            1.223496985048071,
            -0.4938381047760325,
            0.2017266325307995,
            -0.47882917549718584,
            0.8610359933788476,
            -0.8698827111283591,
            0.43110563430668036,
            -2.0725615840635925,
            -1.7507279872265498,
            1.250080515951073
          ],
          "numRows": 4,
          "numCols": 4
        }
      },
      "ops": {
        "type": "org.ejml.simple.ops.SimpleOperations_DDRM",
        "data": {}
      }
    },
    {
      "mat": {
        "type": "org.ejml.data.DMatrixRMaj",
        "data": {
          "data": [
            0.5523458194540262,
            0.31330858927528615,
            -0.3291981052880828,
            0.4276236527692628,
            -0.2585439745886786,
            0.5931055695854672,
            1.4881745480102118,
            3.0409301361892527
          ],
          "numRows": 2,
          "numCols": 4
        }
      },
      "ops": {
        "type": "org.ejml.simple.ops.SimpleOperations_DDRM",
        "data": {}
      }
    }
  ],
  "biases": [
    {
      "mat": {
        "type": "org.ejml.data.DMatrixRMaj",
        "data": {
          "data": [
            -3.0276264585513855,
            1.7357357091614605,
            -0.4520046345377796,
            1.3671423831613072
          ],
          "numRows": 4,
          "numCols": 1
        }
      },
      "ops": {
        "type": "org.ejml.simple.ops.SimpleOperations_DDRM",
        "data": {}
      }
    },
    {
      "mat": {
        "type": "org.ejml.data.DMatrixRMaj",
        "data": {
          "data": [
            0.2144152697640766,
            0.3685223911171207,
            -3.13105197579038,
            2.0220717907830172
          ],
          "numRows": 4,
          "numCols": 1
        }
      },
      "ops": {
        "type": "org.ejml.simple.ops.SimpleOperations_DDRM",
        "data": {}
      }
    },
    {
      "mat": {
        "type": "org.ejml.data.DMatrixRMaj",
        "data": {
          "data": [
            1.1961239990501706,
            -0.9839777900242918
          ],
          "numRows": 2,
          "numCols": 1
        }
      },
      "ops": {
        "type": "org.ejml.simple.ops.SimpleOperations_DDRM",
        "data": {}
      }
    }
  ],
  "learningRate": 0.1,
  "activationFunctionKey": "SIGMOID"
}