{
  "inputNodes": 4,
  "hiddenLayers": 2,
  "hiddenNodes": 4,
  "outputNodes": 2,
  "weights": [
    {
      "mat": {
        "type": "org.ejml.data.DMatrixRMaj",
        "data": {
          "data": [
            -1.7348751153794872,
            0.17615792720840673,
            -2.20136479149374,
            0.2801111364601496,
            0.8337568812678113,
            4.781570459209833,
            0.43214068602089273,
            0.5836636466704981,
            -1.2945607722051782,
            0.7830817318752283,
            -0.13910579051157168,
            -0.14490821746354854,
            2.501081348895319,
            -0.6210528178535777,
            -1.0046907234890239,
            -2.602704525173256
          ],
          "numRows": 4,
          "numCols": 4
        }
      },
      "ops": {
        "type": "org.ejml.simple.ops.SimpleOperations_DDRM",
        "data": {}
      }
    },
    {
      "mat": {
        "type": "org.ejml.data.DMatrixRMaj",
        "data": {
          "data": [
            0.2965860337920889,
            1.1367778583989543,
            0.6947848567161626,
            -0.903401986355155,
            1.3785198577595912,
            0.45306924326964404,
            -1.4206357905933849,
            0.8988595338498258,
            -2.867595770649741,
            -2.1658319966633472,
            -1.6204259276262725,
            0.9765158069181598,
            -0.2948969230102815,
            -1.4512077539828887,
            -1.0471695507870666,
            0.23380409854023235
          ],
          "numRows": 4,
          "numCols": 4
        }
      },
      "ops": {
        "type": "org.ejml.simple.ops.SimpleOperations_DDRM",
        "data": {}
      }
    },
    {
      "mat": {
        "type": "org.ejml.data.DMatrixRMaj",
        "data": {
          "data": [
            -0.500527496607458,
            0.0735578235462443,
            -0.5998283704458577,
            -3.8130089401445453,
            -2.360946443490033,
            0.1803207821099932,
            -1.1106685403543914,
            -0.6149976278836977
          ],
          "numRows": 2,
          "numCols": 4
        }
      },
      "ops": {
        "type": "org.ejml.simple.ops.SimpleOperations_DDRM",
        "data": {}
      }
    }
  ],
  "biases": [
    {
      "mat": {
        "type": "org.ejml.data.DMatrixRMaj",
        "data": {
          "data": [
            -4.174385546268263,
            -3.4612026169475687,
            1.2148214563894233,
            0.48855790860753856
          ],
          "numRows": 4,
          "numCols": 1
        }
      },
      "ops": {
        "type": "org.ejml.simple.ops.SimpleOperations_DDRM",
        "data": {}
      }
    },
    {
      "mat": {
        "type": "org.ejml.data.DMatrixRMaj",
        "data": {
          "data": [
            -0.711255429058435,
            2.995021949770107,
            -1.815355688853221,
            2.000483291151017
          ],
          "numRows": 4,
          "numCols": 1
        }
      },
      "ops": {
        "type": "org.ejml.simple.ops.SimpleOperations_DDRM",
        "data": {}
      }
    },
    {
      "mat": {
        "type": "org.ejml.data.DMatrixRMaj",
        "data": {
          "data": [
            -0.8653381682124355,
            -2.722349677464898
          ],
          "numRows": 2,
          "numCols": 1
        }
      },
      "ops": {
        "type": "org.ejml.simple.ops.SimpleOperations_DDRM",
        "data": {}
      }
    }
  ],
  "learningRate": 0.1,
  "activationFunctionKey": "SIGMOID"
}